Person,Wahl,Alter
1,CDU/CSU,47
2,CDU/CSU,57
3,SPD,48
4,AfD,32
5,CDU/CSU,58
6,AfD,49
7,Sonst,46
8,SPD,40
9,SPD,32
10,CDU/CSU,42
11,CDU/CSU,56
12,CDU/CSU,59
13,GRUENE,38
14,CDU/CSU,72
15,FDP,36
16,SPD,54
17,GRUENE,50
18,Sonst,51
19,CDU/CSU,50
20,FDP,46
21,AfD,42
22,CDU/CSU,78
23,SPD,39
24,CDU/CSU,69
25,CDU/CSU,58
26,CDU/CSU,55
27,CDU/CSU,62
28,CDU/CSU,69
29,LINKE,42
30,CDU/CSU,70
31,SPD,57
32,SPD,48
33,SPD,43
34,CDU/CSU,60
35,LINKE,43
36,Sonst,44
37,FDP,55
38,CDU/CSU,52
39,GRUENE,42
40,CDU/CSU,67
41,LINKE,38
42,SPD,46
43,FDP,48
44,SPD,52
45,SPD,38
46,FDP,48
47,CDU/CSU,67
48,SPD,44
49,GRUENE,39
50,GRUENE,36
51,SPD,33
52,LINKE,44
53,SPD,39
54,CDU/CSU,54
55,CDU/CSU,50
56,CDU/CSU,57
57,CDU/CSU,61
58,SPD,42
59,SPD,41
60,CDU/CSU,57
61,AfD,61
62,CDU/CSU,50
63,SPD,58
64,CDU/CSU,52
65,SPD,39
66,CDU/CSU,65
67,SPD,61
68,GRUENE,36
69,CDU/CSU,64
70,LINKE,54
71,CDU/CSU,61
72,LINKE,47
73,CDU/CSU,53
74,Sonst,39
75,SPD,38
76,LINKE,52
77,LINKE,52
78,CDU/CSU,57
79,FDP,37
80,Sonst,51
81,CDU/CSU,49
82,GRUENE,51
83,CDU/CSU,66
84,CDU/CSU,44
85,GRUENE,38
86,CDU/CSU,57
87,GRUENE,27
88,CDU/CSU,57
89,CDU/CSU,53
90,CDU/CSU,78
91,CDU/CSU,76
92,CDU/CSU,54
93,SPD,43
94,LINKE,41
95,FDP,40
96,FDP,56
97,SPD,45
98,CDU/CSU,62
99,FDP,48
100,SPD,45
101,SPD,56
102,CDU/CSU,61
103,CDU/CSU,62
104,Sonst,50
105,SPD,49
106,CDU/CSU,62
107,CDU/CSU,53
108,SPD,33
109,AfD,47
110,SPD,51
111,Sonst,44
112,GRUENE,63
113,CDU/CSU,41
114,CDU/CSU,55
115,CDU/CSU,64
116,CDU/CSU,54
117,GRUENE,49
118,CDU/CSU,61
119,SPD,36
120,SPD,52
121,Sonst,46
122,SPD,42
123,SPD,45
124,CDU/CSU,52
125,GRUENE,47
126,SPD,46
127,SPD,45
128,CDU/CSU,60
129,CDU/CSU,62
130,SPD,44
131,SPD,51
132,CDU/CSU,59
133,CDU/CSU,50
134,SPD,58
135,LINKE,43
136,SPD,45
137,SPD,49
138,SPD,45
139,Sonst,41
140,SPD,51
141,SPD,58
142,SPD,52
143,CDU/CSU,68
144,CDU/CSU,58
145,GRUENE,49
146,SPD,35
147,Sonst,43
148,GRUENE,33
149,CDU/CSU,48
150,LINKE,45
151,SPD,35
152,SPD,54
153,CDU/CSU,53
154,Sonst,48
155,SPD,41
156,CDU/CSU,59
157,SPD,55
158,CDU/CSU,52
159,CDU/CSU,44
160,CDU/CSU,50
161,CDU/CSU,58
162,LINKE,42
163,CDU/CSU,59
164,GRUENE,36
165,LINKE,45
166,CDU/CSU,70
167,CDU/CSU,53
168,CDU/CSU,51
169,GRUENE,50
170,CDU/CSU,53
171,SPD,33
172,FDP,38
173,LINKE,53
174,CDU/CSU,66
175,CDU/CSU,51
176,LINKE,40
177,SPD,57
178,GRUENE,52
179,SPD,47
180,Sonst,42
181,CDU/CSU,57
182,CDU/CSU,75
183,LINKE,38
184,SPD,46
185,LINKE,46
186,CDU/CSU,48
187,GRUENE,48
188,GRUENE,49
189,LINKE,53
190,SPD,49
191,SPD,35
192,CDU/CSU,52
193,CDU/CSU,55
194,LINKE,40
195,CDU/CSU,46
196,SPD,53
197,CDU/CSU,60
198,FDP,39
199,CDU/CSU,42
200,GRUENE,50
201,CDU/CSU,55
202,CDU/CSU,51
203,SPD,42
204,CDU/CSU,53
205,CDU/CSU,67
206,SPD,55
207,SPD,44
208,CDU/CSU,64
209,CDU/CSU,73
210,SPD,44
211,AfD,41
212,CDU/CSU,67
213,GRUENE,34
214,LINKE,45
215,FDP,45
216,CDU/CSU,60
217,SPD,60
218,LINKE,34
219,AfD,39
220,CDU/CSU,53
221,CDU/CSU,60
222,CDU/CSU,61
223,CDU/CSU,56
224,SPD,20
225,LINKE,55
226,AfD,47
227,CDU/CSU,47
228,CDU/CSU,64
229,CDU/CSU,52
230,FDP,51
231,CDU/CSU,48
232,CDU/CSU,59
233,CDU/CSU,55
234,Sonst,58
235,CDU/CSU,66
236,SPD,51
237,SPD,51
238,SPD,42
239,CDU/CSU,55
240,CDU/CSU,67
241,CDU/CSU,61
242,SPD,53
243,LINKE,38
244,CDU/CSU,60
245,CDU/CSU,57
246,CDU/CSU,68
247,CDU/CSU,55
248,CDU/CSU,53
249,CDU/CSU,60
250,LINKE,45
251,GRUENE,57
252,LINKE,53
253,SPD,22
254,SPD,43
255,SPD,51
256,CDU/CSU,60
257,CDU/CSU,74
258,SPD,40
259,CDU/CSU,53
260,LINKE,46
261,Sonst,50
262,CDU/CSU,65
263,CDU/CSU,58
264,GRUENE,47
265,Sonst,44
266,CDU/CSU,71
267,CDU/CSU,63
268,GRUENE,36
269,SPD,47
270,CDU/CSU,64
271,CDU/CSU,61
272,Sonst,37
273,CDU/CSU,51
274,AfD,39
275,CDU/CSU,54
276,CDU/CSU,63
277,CDU/CSU,50
278,CDU/CSU,68
279,SPD,51
280,GRUENE,51
281,CDU/CSU,48
282,Sonst,45
283,FDP,50
284,CDU/CSU,49
285,CDU/CSU,49
286,CDU/CSU,59
287,CDU/CSU,67
288,CDU/CSU,46
289,CDU/CSU,55
290,Sonst,44
291,CDU/CSU,59
292,CDU/CSU,46
293,AfD,38
294,CDU/CSU,56
295,AfD,54
296,SPD,28
297,CDU/CSU,57
298,CDU/CSU,67
299,CDU/CSU,64
300,LINKE,31
301,SPD,44
302,CDU/CSU,48
303,SPD,40
304,CDU/CSU,49
305,Sonst,47
306,LINKE,40
307,CDU/CSU,53
308,GRUENE,56
309,CDU/CSU,42
310,CDU/CSU,49
311,Sonst,34
312,CDU/CSU,65
313,GRUENE,44
314,SPD,57
315,CDU/CSU,55
316,SPD,41
317,CDU/CSU,65
318,Sonst,31
319,LINKE,59
320,Sonst,46
321,SPD,43
322,AfD,38
323,CDU/CSU,65
324,LINKE,41
325,GRUENE,54
326,LINKE,42
327,GRUENE,53
328,GRUENE,42
329,CDU/CSU,52
330,GRUENE,55
331,LINKE,42
332,CDU/CSU,55
333,CDU/CSU,74
334,GRUENE,55
335,CDU/CSU,56
336,Sonst,39
337,CDU/CSU,60
338,CDU/CSU,68
339,SPD,50
340,LINKE,49
341,LINKE,49
342,CDU/CSU,58
343,AfD,51
344,CDU/CSU,60
345,SPD,28
346,CDU/CSU,49
347,CDU/CSU,75
348,CDU/CSU,52
349,CDU/CSU,49
350,AfD,44
351,CDU/CSU,54
352,CDU/CSU,73
353,GRUENE,43
354,AfD,40
355,LINKE,42
356,CDU/CSU,44
357,GRUENE,54
358,Sonst,41
359,FDP,42
360,CDU/CSU,57
361,CDU/CSU,49
362,CDU/CSU,50
363,GRUENE,56
364,CDU/CSU,59
365,SPD,41
366,GRUENE,38
367,CDU/CSU,62
368,SPD,44
369,SPD,46
370,CDU/CSU,72
371,CDU/CSU,55
372,SPD,56
373,LINKE,30
374,CDU/CSU,62
375,CDU/CSU,36
376,CDU/CSU,60
377,CDU/CSU,72
378,GRUENE,45
379,CDU/CSU,63
380,CDU/CSU,58
381,Sonst,54
382,SPD,42
383,SPD,51
384,LINKE,41
385,CDU/CSU,57
386,CDU/CSU,54
387,LINKE,51
388,GRUENE,38
389,CDU/CSU,62
390,LINKE,59
391,CDU/CSU,62
392,CDU/CSU,70
393,FDP,47
394,SPD,48
395,CDU/CSU,42
396,CDU/CSU,59
397,SPD,34
398,CDU/CSU,54
399,CDU/CSU,56
400,Sonst,44
401,SPD,54
402,CDU/CSU,56
403,LINKE,48
404,Sonst,41
405,LINKE,45
406,SPD,49
407,AfD,41
408,SPD,38
409,CDU/CSU,53
410,FDP,57
411,LINKE,31
412,CDU/CSU,61
413,LINKE,38
414,LINKE,43
415,SPD,41
416,CDU/CSU,53
417,CDU/CSU,46
418,CDU/CSU,67
419,SPD,44
420,GRUENE,53
421,CDU/CSU,56
422,SPD,35
423,SPD,53
424,CDU/CSU,57
425,CDU/CSU,58
426,Sonst,66
427,CDU/CSU,49
428,FDP,49
429,GRUENE,41
430,GRUENE,34
431,FDP,51
432,CDU/CSU,63
433,Sonst,49
434,SPD,49
435,CDU/CSU,61
436,GRUENE,44
437,SPD,44
438,CDU/CSU,48
439,CDU/CSU,61
440,FDP,43
441,CDU/CSU,56
442,CDU/CSU,65
443,LINKE,46
444,LINKE,52
445,CDU/CSU,57
446,CDU/CSU,61
447,CDU/CSU,69
448,FDP,47
449,AfD,48
450,CDU/CSU,73
451,LINKE,36
452,CDU/CSU,50
453,CDU/CSU,58
454,CDU/CSU,48
455,CDU/CSU,62
456,SPD,40
457,SPD,47
458,LINKE,48
459,SPD,42
460,CDU/CSU,61
461,CDU/CSU,54
462,CDU/CSU,51
463,CDU/CSU,77
464,CDU/CSU,58
465,CDU/CSU,61
466,FDP,42
467,SPD,42
468,CDU/CSU,52
469,CDU/CSU,71
470,SPD,29
471,AfD,51
472,Sonst,50
473,Sonst,51
474,CDU/CSU,68
475,CDU/CSU,59
476,CDU/CSU,59
477,Sonst,47
478,CDU/CSU,65
479,CDU/CSU,56
480,SPD,39
481,SPD,42
482,CDU/CSU,57
483,AfD,43
484,LINKE,51
485,SPD,32
486,Sonst,59
487,CDU/CSU,44
488,LINKE,45
489,LINKE,47
490,CDU/CSU,62
491,CDU/CSU,81
492,FDP,43
493,CDU/CSU,61
494,CDU/CSU,47
495,CDU/CSU,65
496,CDU/CSU,63
497,CDU/CSU,61
498,AfD,28
499,GRUENE,43
500,AfD,58
501,SPD,58
502,SPD,55
503,SPD,56
504,SPD,44
505,Sonst,47
506,LINKE,40
507,CDU/CSU,59
508,GRUENE,47
509,SPD,53
510,SPD,54
511,GRUENE,42
512,CDU/CSU,63
513,CDU/CSU,55
514,SPD,32
515,SPD,52
516,CDU/CSU,46
517,SPD,55
518,SPD,63
519,Sonst,38
520,SPD,45
521,SPD,53
522,SPD,42
523,CDU/CSU,63
524,CDU/CSU,61
525,CDU/CSU,67
526,GRUENE,59
527,SPD,31
528,SPD,38
529,FDP,45
530,FDP,45
531,SPD,52
532,Sonst,48
533,CDU/CSU,49
534,CDU/CSU,46
535,CDU/CSU,45
536,Sonst,53
537,CDU/CSU,65
538,Sonst,39
539,CDU/CSU,67
540,SPD,28
541,CDU/CSU,53
542,FDP,32
543,SPD,41
544,CDU/CSU,57
545,CDU/CSU,47
546,CDU/CSU,65
547,FDP,27
548,CDU/CSU,46
549,SPD,35
550,SPD,49
551,Sonst,57
552,SPD,47
553,CDU/CSU,60
554,GRUENE,58
555,SPD,45
556,CDU/CSU,64
557,Sonst,50
558,CDU/CSU,58
559,SPD,49
560,SPD,51
561,SPD,42
562,CDU/CSU,60
563,FDP,51
564,SPD,53
565,Sonst,47
566,SPD,39
567,CDU/CSU,53
568,SPD,40
569,Sonst,42
570,GRUENE,38
571,CDU/CSU,53
572,CDU/CSU,59
573,LINKE,43
574,LINKE,59
575,FDP,29
576,LINKE,34
577,SPD,50
578,CDU/CSU,58
579,SPD,35
580,LINKE,39
581,CDU/CSU,56
582,GRUENE,47
583,SPD,51
584,CDU/CSU,71
585,SPD,52
586,CDU/CSU,56
587,CDU/CSU,72
588,LINKE,43
589,GRUENE,40
590,SPD,43
591,SPD,37
592,CDU/CSU,50
593,SPD,47
594,Sonst,43
595,SPD,46
596,SPD,47
597,CDU/CSU,65
598,CDU/CSU,63
599,AfD,41
600,CDU/CSU,47
601,Sonst,35
602,GRUENE,45
603,CDU/CSU,70
604,LINKE,50
605,FDP,51
606,GRUENE,53
607,LINKE,49
608,LINKE,45
609,GRUENE,46
610,CDU/CSU,49
611,GRUENE,44
612,CDU/CSU,50
613,CDU/CSU,54
614,CDU/CSU,50
615,SPD,36
616,CDU/CSU,56
617,CDU/CSU,54
618,CDU/CSU,58
619,Sonst,33
620,LINKE,46
621,SPD,36
622,CDU/CSU,56
623,CDU/CSU,39
624,CDU/CSU,55
625,CDU/CSU,56
626,Sonst,48
627,CDU/CSU,54
628,SPD,50
629,CDU/CSU,47
630,GRUENE,62
631,SPD,50
632,CDU/CSU,53
633,AfD,45
634,FDP,43
635,CDU/CSU,71
636,CDU/CSU,57
637,FDP,38
638,CDU/CSU,54
639,SPD,44
640,FDP,44
641,GRUENE,42
642,CDU/CSU,57
643,GRUENE,43
644,CDU/CSU,37
645,SPD,48
646,AfD,47
647,FDP,48
648,SPD,34
649,SPD,48
650,GRUENE,41
651,SPD,40
652,SPD,40
653,CDU/CSU,49
654,CDU/CSU,68
655,CDU/CSU,61
656,CDU/CSU,55
657,CDU/CSU,59
658,SPD,51
659,AfD,41
660,SPD,39
661,CDU/CSU,76
662,Sonst,42
663,FDP,57
664,SPD,45
665,AfD,52
666,SPD,47
667,AfD,43
668,CDU/CSU,41
669,CDU/CSU,65
670,SPD,50
671,AfD,53
672,Sonst,55
673,SPD,48
674,CDU/CSU,63
675,CDU/CSU,63
676,CDU/CSU,66
677,FDP,45
678,FDP,43
679,AfD,46
680,CDU/CSU,57
681,LINKE,48
682,SPD,55
683,CDU/CSU,66
684,CDU/CSU,62
685,SPD,52
686,CDU/CSU,66
687,CDU/CSU,49
688,LINKE,44
689,Sonst,44
690,GRUENE,50
691,LINKE,38
692,GRUENE,37
693,SPD,48
694,SPD,47
695,GRUENE,51
696,FDP,44
697,SPD,55
698,CDU/CSU,62
699,GRUENE,48
700,CDU/CSU,69
701,GRUENE,37
702,SPD,39
703,SPD,48
704,SPD,48
705,SPD,42
706,CDU/CSU,59
707,CDU/CSU,50
708,CDU/CSU,68
709,GRUENE,48
710,SPD,40
711,SPD,64
712,Sonst,43
713,CDU/CSU,44
714,SPD,38
715,CDU/CSU,49
716,CDU/CSU,52
717,CDU/CSU,56
718,LINKE,49
719,LINKE,46
720,SPD,36
721,CDU/CSU,72
722,SPD,40
723,SPD,50
724,AfD,34
725,CDU/CSU,40
726,SPD,35
727,Sonst,61
728,CDU/CSU,58
729,Sonst,46
730,CDU/CSU,46
731,SPD,55
732,CDU/CSU,64
733,SPD,29
734,CDU/CSU,61
735,SPD,47
736,CDU/CSU,45
737,AfD,39
738,SPD,49
739,CDU/CSU,55
740,CDU/CSU,56
741,CDU/CSU,72
742,CDU/CSU,66
743,Sonst,56
744,CDU/CSU,71
745,CDU/CSU,66
746,CDU/CSU,54
747,LINKE,44
748,SPD,55
749,CDU/CSU,67
750,SPD,41
751,AfD,57
752,SPD,55
753,CDU/CSU,67
754,CDU/CSU,60
755,GRUENE,46
756,CDU/CSU,69
757,LINKE,50
758,CDU/CSU,60
759,GRUENE,47
760,CDU/CSU,71
761,SPD,47
762,CDU/CSU,57
763,LINKE,46
764,CDU/CSU,58
765,LINKE,51
766,CDU/CSU,65
767,CDU/CSU,61
768,SPD,44
769,SPD,41
770,SPD,48
771,CDU/CSU,46
772,Sonst,41
773,CDU/CSU,52
774,GRUENE,25
775,SPD,51
776,LINKE,55
777,CDU/CSU,50
778,SPD,54
779,CDU/CSU,62
780,GRUENE,57
781,LINKE,47
782,SPD,32
783,GRUENE,41
784,CDU/CSU,50
785,Sonst,49
786,CDU/CSU,58
787,SPD,36
788,CDU/CSU,66
789,GRUENE,44
790,CDU/CSU,40
791,Sonst,39
792,CDU/CSU,52
793,SPD,51
794,CDU/CSU,65
795,AfD,45
796,Sonst,44
797,CDU/CSU,50
798,CDU/CSU,64
799,SPD,58
800,GRUENE,48
801,SPD,41
802,CDU/CSU,64
803,SPD,46
804,SPD,53
805,CDU/CSU,56
806,SPD,54
807,Sonst,48
808,GRUENE,45
809,CDU/CSU,58
810,CDU/CSU,60
811,CDU/CSU,50
812,FDP,53
813,CDU/CSU,67
814,FDP,45
815,CDU/CSU,69
816,LINKE,51
817,GRUENE,51
818,SPD,39
819,CDU/CSU,65
820,SPD,34
821,AfD,50
822,LINKE,52
823,SPD,41
824,SPD,43
825,LINKE,48
826,CDU/CSU,63
827,CDU/CSU,54
828,LINKE,50
829,CDU/CSU,81
830,GRUENE,52
831,SPD,48
832,SPD,47
833,SPD,52
834,GRUENE,50
835,FDP,47
836,CDU/CSU,71
837,CDU/CSU,58
838,SPD,46
839,SPD,56
840,CDU/CSU,52
841,SPD,68
842,CDU/CSU,62
843,CDU/CSU,56
844,CDU/CSU,55
845,FDP,45
846,CDU/CSU,60
847,CDU/CSU,56
848,SPD,44
849,LINKE,35
850,LINKE,40
851,AfD,48
852,GRUENE,40
853,CDU/CSU,62
854,Sonst,64
855,LINKE,41
856,CDU/CSU,64
857,CDU/CSU,53
858,GRUENE,41
859,CDU/CSU,69
860,FDP,42
861,CDU/CSU,62
862,CDU/CSU,71
863,SPD,38
864,CDU/CSU,43
865,CDU/CSU,67
866,Sonst,56
867,CDU/CSU,58
868,Sonst,32
869,SPD,49
870,CDU/CSU,59
871,CDU/CSU,59
872,SPD,55
873,LINKE,33
874,CDU/CSU,61
875,CDU/CSU,46
876,CDU/CSU,58
877,CDU/CSU,59
878,CDU/CSU,65
879,SPD,53
880,SPD,39
881,CDU/CSU,56
882,SPD,40
883,SPD,43
884,SPD,34
885,SPD,42
886,SPD,40
887,GRUENE,41
888,SPD,45
889,GRUENE,56
890,CDU/CSU,59
891,CDU/CSU,57
892,AfD,49
893,AfD,60
894,GRUENE,43
895,CDU/CSU,60
896,CDU/CSU,48
897,GRUENE,43
898,AfD,49
899,CDU/CSU,46
900,CDU/CSU,53
901,SPD,43
902,FDP,31
903,CDU/CSU,45
904,CDU/CSU,70
905,FDP,35
906,CDU/CSU,71
907,CDU/CSU,37
908,CDU/CSU,59
909,CDU/CSU,67
910,CDU/CSU,46
911,CDU/CSU,57
912,LINKE,58
913,SPD,56
914,SPD,51
915,GRUENE,50
916,CDU/CSU,56
917,CDU/CSU,61
918,SPD,37
919,SPD,55
920,LINKE,48
921,CDU/CSU,60
922,SPD,36
923,SPD,42
924,AfD,37
925,SPD,36
926,SPD,36
927,SPD,42
928,CDU/CSU,63
929,CDU/CSU,75
930,CDU/CSU,67
931,Sonst,30
932,Sonst,50
933,LINKE,48
934,CDU/CSU,54
935,SPD,36
936,SPD,55
937,LINKE,46
938,CDU/CSU,64
939,LINKE,46
940,CDU/CSU,67
941,CDU/CSU,66
942,SPD,49
943,CDU/CSU,58
944,LINKE,47
945,AfD,47
946,AfD,42
947,CDU/CSU,42
948,SPD,46
949,Sonst,50
950,SPD,48
951,CDU/CSU,75
952,GRUENE,38
953,LINKE,52
954,LINKE,43
955,GRUENE,37
956,CDU/CSU,63
957,SPD,42
958,CDU/CSU,73
959,CDU/CSU,69
960,SPD,30
961,CDU/CSU,61
962,CDU/CSU,67
963,CDU/CSU,64
964,GRUENE,48
965,FDP,59
966,FDP,46
967,CDU/CSU,64
968,SPD,49
969,Sonst,41
970,SPD,37
971,GRUENE,39
972,CDU/CSU,66
973,CDU/CSU,71
974,SPD,42
975,CDU/CSU,49
976,CDU/CSU,43
977,CDU/CSU,55
978,CDU/CSU,63
979,LINKE,48
980,FDP,50
981,CDU/CSU,55
982,CDU/CSU,56
983,SPD,45
984,LINKE,44
985,CDU/CSU,61
986,CDU/CSU,53
987,LINKE,49
988,CDU/CSU,55
989,SPD,42
990,CDU/CSU,58
991,CDU/CSU,50
992,LINKE,46
993,LINKE,51
994,FDP,43
995,SPD,42
996,GRUENE,44
997,CDU/CSU,74
998,Sonst,44
999,CDU/CSU,44
1000,CDU/CSU,66
1001,SPD,43
1002,CDU/CSU,43
1003,CDU/CSU,48
1004,LINKE,46
1005,LINKE,55
1006,GRUENE,30
1007,SPD,43
1008,CDU/CSU,68
1009,SPD,54
1010,CDU/CSU,60
1011,SPD,48
1012,CDU/CSU,64
1013,CDU/CSU,63
1014,GRUENE,42
1015,CDU/CSU,61
1016,SPD,45
1017,SPD,65
1018,Sonst,48
1019,CDU/CSU,56
1020,CDU/CSU,61
1021,GRUENE,46
1022,SPD,48
1023,FDP,51
1024,SPD,44
1025,CDU/CSU,44
1026,SPD,51
1027,FDP,40
1028,CDU/CSU,47
1029,CDU/CSU,49
1030,CDU/CSU,60
1031,LINKE,45
1032,AfD,27
1033,CDU/CSU,60
1034,SPD,53
1035,CDU/CSU,59
1036,SPD,50
1037,CDU/CSU,55
1038,CDU/CSU,68
1039,AfD,51
1040,GRUENE,55
1041,CDU/CSU,57
1042,CDU/CSU,54
1043,CDU/CSU,65
1044,CDU/CSU,44
1045,CDU/CSU,60
1046,CDU/CSU,60
1047,Sonst,47
1048,CDU/CSU,65
1049,CDU/CSU,47
1050,SPD,46
1051,CDU/CSU,62
1052,Sonst,49
1053,LINKE,37
1054,SPD,30
1055,SPD,38
1056,SPD,38
1057,SPD,48
1058,CDU/CSU,64
1059,CDU/CSU,54
1060,CDU/CSU,74
1061,LINKE,33
1062,SPD,34
1063,LINKE,40
1064,CDU/CSU,60
1065,CDU/CSU,73
1066,SPD,51
1067,LINKE,44
1068,FDP,42
1069,SPD,48
1070,SPD,48
1071,CDU/CSU,56
1072,FDP,54
1073,Sonst,38
1074,AfD,51
1075,GRUENE,36
1076,CDU/CSU,62
1077,CDU/CSU,52
1078,CDU/CSU,72
1079,GRUENE,38
1080,CDU/CSU,57
1081,CDU/CSU,68
1082,CDU/CSU,61
1083,CDU/CSU,59
1084,CDU/CSU,71
1085,CDU/CSU,61
1086,SPD,40
1087,CDU/CSU,49
1088,CDU/CSU,50
1089,SPD,53
1090,CDU/CSU,55
1091,GRUENE,39
1092,LINKE,38
1093,FDP,42
1094,CDU/CSU,74
1095,CDU/CSU,43
1096,GRUENE,44
1097,CDU/CSU,58
1098,CDU/CSU,76
1099,CDU/CSU,62
1100,SPD,47
1101,Sonst,44
1102,CDU/CSU,68
1103,CDU/CSU,72
1104,CDU/CSU,66
1105,CDU/CSU,63
1106,LINKE,42
1107,CDU/CSU,46
1108,Sonst,52
1109,SPD,26
1110,CDU/CSU,43
1111,CDU/CSU,49
1112,CDU/CSU,59
1113,CDU/CSU,57
1114,GRUENE,40
1115,SPD,49
1116,CDU/CSU,69
1117,SPD,33
1118,CDU/CSU,60
1119,SPD,45
1120,LINKE,49
1121,CDU/CSU,52
1122,SPD,45
1123,CDU/CSU,54
1124,SPD,27
1125,CDU/CSU,43
1126,Sonst,47
1127,LINKE,43
1128,CDU/CSU,71
1129,CDU/CSU,45
1130,CDU/CSU,66
1131,SPD,37
1132,LINKE,49
1133,SPD,46
1134,SPD,42
1135,SPD,32
1136,CDU/CSU,68
1137,CDU/CSU,69
1138,LINKE,27
1139,LINKE,45
1140,GRUENE,37
1141,LINKE,52
1142,GRUENE,42
1143,SPD,38
1144,SPD,38
1145,SPD,39
1146,SPD,52
1147,SPD,44
1148,LINKE,40
1149,SPD,55
1150,CDU/CSU,60
1151,SPD,45
1152,GRUENE,46
1153,SPD,52
1154,FDP,35
1155,SPD,48
1156,GRUENE,48
1157,Sonst,48
1158,AfD,54
1159,CDU/CSU,52
1160,CDU/CSU,66
1161,CDU/CSU,60
1162,AfD,29
1163,GRUENE,51
1164,GRUENE,42
1165,SPD,37
1166,FDP,44
1167,SPD,42
1168,SPD,45
1169,SPD,47
1170,GRUENE,52
1171,Sonst,44
1172,LINKE,43
1173,GRUENE,28
1174,CDU/CSU,53
1175,CDU/CSU,60
1176,FDP,54
1177,FDP,39
1178,Sonst,42
1179,CDU/CSU,65
1180,CDU/CSU,59
1181,CDU/CSU,65
1182,SPD,39
1183,LINKE,39
1184,AfD,52
1185,SPD,63
1186,AfD,54
1187,CDU/CSU,58
1188,LINKE,55
1189,CDU/CSU,64
1190,CDU/CSU,54
1191,CDU/CSU,51
1192,GRUENE,45
1193,CDU/CSU,54
1194,GRUENE,46
1195,SPD,47
1196,GRUENE,50
1197,GRUENE,41
1198,Sonst,43
1199,AfD,43
1200,SPD,32
1201,CDU/CSU,70
1202,GRUENE,50
1203,SPD,54
1204,CDU/CSU,56
1205,AfD,38
1206,SPD,38
1207,FDP,40
1208,SPD,48
1209,CDU/CSU,55
1210,CDU/CSU,65
1211,CDU/CSU,56
1212,AfD,33
1213,SPD,36
1214,CDU/CSU,79
1215,CDU/CSU,63
1216,SPD,36
1217,SPD,49
1218,LINKE,43
1219,SPD,41
1220,CDU/CSU,72
1221,SPD,60
1222,SPD,55
1223,CDU/CSU,63
1224,LINKE,48
1225,CDU/CSU,45
1226,CDU/CSU,69
1227,CDU/CSU,63
1228,CDU/CSU,50
1229,SPD,34
1230,LINKE,45
1231,LINKE,25
1232,FDP,44
1233,CDU/CSU,63
1234,LINKE,55
1235,FDP,42
1236,SPD,41
1237,SPD,48
1238,Sonst,59
1239,SPD,39
1240,CDU/CSU,66
1241,Sonst,43
1242,CDU/CSU,51
1243,AfD,46
1244,CDU/CSU,48
1245,SPD,49
1246,AfD,48
1247,GRUENE,41
1248,Sonst,44
1249,Sonst,46
1250,SPD,55
1251,CDU/CSU,65
1252,SPD,53
1253,SPD,38
1254,SPD,42
1255,AfD,30
1256,CDU/CSU,52
1257,GRUENE,46
1258,CDU/CSU,65
1259,SPD,50
1260,SPD,48
1261,CDU/CSU,67
1262,CDU/CSU,65
1263,AfD,48
1264,LINKE,49
1265,GRUENE,52
1266,FDP,49
1267,CDU/CSU,60
1268,SPD,34
1269,CDU/CSU,48
1270,GRUENE,39
1271,AfD,44
1272,CDU/CSU,61
1273,Sonst,54
1274,AfD,42
1275,CDU/CSU,60
1276,GRUENE,45
1277,SPD,46
1278,CDU/CSU,55
1279,SPD,39
1280,SPD,51
1281,CDU/CSU,57
1282,FDP,49
1283,LINKE,48
1284,CDU/CSU,50
1285,CDU/CSU,60
1286,LINKE,47
1287,GRUENE,34
1288,GRUENE,33
1289,SPD,44
1290,CDU/CSU,43
1291,FDP,49
1292,SPD,51
1293,Sonst,42
1294,SPD,48
1295,SPD,39
1296,CDU/CSU,56
1297,SPD,36
1298,CDU/CSU,62
1299,SPD,31
1300,CDU/CSU,45
1301,LINKE,58
1302,CDU/CSU,52
1303,Sonst,44
1304,SPD,57
1305,Sonst,47
1306,LINKE,34
1307,GRUENE,47
1308,AfD,51
1309,Sonst,50
1310,CDU/CSU,55
1311,CDU/CSU,67
1312,CDU/CSU,75
1313,CDU/CSU,58
1314,FDP,57
1315,FDP,50
1316,CDU/CSU,49
1317,CDU/CSU,59
1318,SPD,50
1319,LINKE,44
1320,CDU/CSU,57
1321,CDU/CSU,60
1322,CDU/CSU,54
1323,Sonst,33
1324,CDU/CSU,64
1325,SPD,37
1326,CDU/CSU,47
1327,CDU/CSU,49
1328,SPD,41
1329,CDU/CSU,51
1330,GRUENE,46
1331,CDU/CSU,65
1332,Sonst,50
1333,SPD,51
1334,CDU/CSU,61
1335,CDU/CSU,52
1336,CDU/CSU,54
1337,SPD,37
1338,SPD,36
1339,SPD,43
1340,CDU/CSU,70
1341,GRUENE,43
1342,SPD,51
1343,SPD,39
1344,AfD,34
1345,Sonst,36
1346,CDU/CSU,51
1347,Sonst,50
1348,SPD,48
1349,GRUENE,40
1350,SPD,48
1351,CDU/CSU,67
1352,CDU/CSU,71
1353,SPD,46
1354,SPD,41
1355,Sonst,54
1356,Sonst,53
1357,SPD,40
1358,CDU/CSU,48
1359,FDP,42
1360,Sonst,38
1361,GRUENE,35
1362,CDU/CSU,77
1363,GRUENE,45
1364,CDU/CSU,57
1365,Sonst,43
1366,CDU/CSU,71
1367,LINKE,36
1368,LINKE,38
1369,CDU/CSU,57
1370,SPD,50
1371,SPD,41
1372,Sonst,66
1373,FDP,48
1374,SPD,32
1375,SPD,42
1376,CDU/CSU,46
1377,LINKE,33
1378,LINKE,37
1379,LINKE,47
1380,Sonst,54
1381,CDU/CSU,51
1382,CDU/CSU,54
1383,FDP,35
1384,GRUENE,60
1385,CDU/CSU,63
1386,CDU/CSU,58
1387,CDU/CSU,47
1388,CDU/CSU,67
1389,LINKE,29
1390,LINKE,50
1391,CDU/CSU,60
1392,SPD,61
1393,SPD,51
1394,CDU/CSU,54
1395,FDP,56
1396,CDU/CSU,66
1397,CDU/CSU,70
1398,CDU/CSU,54
1399,CDU/CSU,49
1400,CDU/CSU,44
1401,CDU/CSU,64
1402,AfD,38
1403,LINKE,27
1404,CDU/CSU,55
1405,SPD,34
1406,CDU/CSU,64
1407,CDU/CSU,75
1408,CDU/CSU,68
1409,Sonst,48
1410,LINKE,39
1411,CDU/CSU,54
1412,SPD,53
1413,CDU/CSU,46
1414,CDU/CSU,73
1415,GRUENE,44
1416,GRUENE,51
1417,CDU/CSU,72
1418,SPD,46
1419,CDU/CSU,53
1420,GRUENE,46
1421,LINKE,53
1422,CDU/CSU,70
1423,CDU/CSU,67
1424,CDU/CSU,65
1425,LINKE,40
1426,SPD,47
1427,CDU/CSU,54
1428,GRUENE,46
1429,SPD,46
1430,CDU/CSU,59
1431,LINKE,34
1432,CDU/CSU,55
1433,CDU/CSU,66
1434,CDU/CSU,57
1435,CDU/CSU,67
1436,CDU/CSU,59
1437,GRUENE,40
1438,SPD,41
1439,CDU/CSU,49
1440,CDU/CSU,67
1441,CDU/CSU,61
1442,CDU/CSU,53
1443,SPD,40
1444,CDU/CSU,52
1445,SPD,41
1446,SPD,52
1447,SPD,50
1448,CDU/CSU,51
1449,CDU/CSU,58
1450,GRUENE,45
1451,GRUENE,45
1452,SPD,44
1453,Sonst,48
1454,LINKE,39
1455,CDU/CSU,68
1456,GRUENE,48
1457,SPD,45
1458,AfD,50
1459,Sonst,55
1460,GRUENE,52
1461,SPD,54
1462,CDU/CSU,64
1463,CDU/CSU,55
1464,CDU/CSU,65
1465,LINKE,51
1466,Sonst,45
1467,CDU/CSU,45
1468,CDU/CSU,64
1469,CDU/CSU,70
1470,SPD,30
1471,SPD,63
1472,SPD,46
1473,CDU/CSU,67
1474,Sonst,44
1475,CDU/CSU,50
1476,CDU/CSU,54
1477,SPD,34
1478,AfD,47
1479,CDU/CSU,56
1480,AfD,41
1481,CDU/CSU,49
1482,SPD,40
1483,CDU/CSU,69
1484,CDU/CSU,44
1485,GRUENE,40
1486,SPD,46
1487,GRUENE,39
1488,SPD,51
1489,SPD,44
1490,GRUENE,39
1491,CDU/CSU,57
1492,SPD,54
1493,CDU/CSU,57
1494,CDU/CSU,58
1495,SPD,47
1496,GRUENE,63
1497,SPD,45
1498,Sonst,40
1499,LINKE,49
1500,LINKE,48
1501,CDU/CSU,58
1502,SPD,33
1503,SPD,45
1504,GRUENE,46
1505,LINKE,34
1506,SPD,34
1507,SPD,42
1508,CDU/CSU,68
1509,SPD,51
1510,SPD,46
1511,CDU/CSU,55
1512,GRUENE,44
1513,FDP,49
1514,CDU/CSU,74
1515,GRUENE,30
1516,CDU/CSU,65
1517,AfD,47
1518,GRUENE,40
1519,SPD,37
1520,SPD,41
1521,SPD,32
1522,AfD,46
1523,SPD,42
1524,SPD,40
1525,LINKE,46
1526,GRUENE,57
1527,AfD,60
1528,CDU/CSU,67
1529,CDU/CSU,44
1530,CDU/CSU,52
1531,GRUENE,51
1532,SPD,57
1533,CDU/CSU,59
1534,Sonst,53
1535,SPD,39
1536,CDU/CSU,52
1537,CDU/CSU,51
1538,CDU/CSU,70
1539,SPD,56
1540,Sonst,26
1541,CDU/CSU,42
1542,LINKE,43
1543,SPD,46
1544,CDU/CSU,52
1545,AfD,46
1546,SPD,43
1547,AfD,40
1548,CDU/CSU,63
1549,SPD,46
1550,CDU/CSU,57
1551,CDU/CSU,51
1552,GRUENE,47
1553,CDU/CSU,72
1554,FDP,47
1555,AfD,47
1556,SPD,54
1557,LINKE,36
1558,LINKE,45
1559,CDU/CSU,61
1560,FDP,41
1561,CDU/CSU,43
1562,LINKE,60
1563,SPD,50
1564,CDU/CSU,55
1565,CDU/CSU,71
1566,CDU/CSU,74
1567,FDP,40
1568,Sonst,42
1569,CDU/CSU,64
1570,LINKE,38
1571,FDP,37
1572,SPD,58
1573,Sonst,53
1574,CDU/CSU,59
1575,CDU/CSU,41
1576,LINKE,36
1577,CDU/CSU,70
1578,FDP,41
1579,CDU/CSU,53
1580,GRUENE,39
1581,AfD,41
1582,LINKE,40
1583,CDU/CSU,62
1584,CDU/CSU,49
1585,CDU/CSU,63
1586,Sonst,56
1587,SPD,42
1588,SPD,52
1589,SPD,42
1590,CDU/CSU,38
1591,SPD,40
1592,AfD,49
1593,CDU/CSU,77
1594,GRUENE,56
1595,CDU/CSU,53
1596,AfD,46
1597,CDU/CSU,64
1598,GRUENE,34
1599,CDU/CSU,43
1600,SPD,50
1601,CDU/CSU,60
1602,CDU/CSU,75
1603,CDU/CSU,67
1604,CDU/CSU,62
1605,Sonst,54
1606,CDU/CSU,55
1607,Sonst,42
1608,SPD,54
1609,SPD,39
1610,CDU/CSU,57
1611,SPD,49
1612,SPD,45
1613,LINKE,44
1614,AfD,46
1615,CDU/CSU,83
1616,SPD,40
1617,CDU/CSU,55
1618,CDU/CSU,54
1619,CDU/CSU,53
1620,LINKE,38
1621,CDU/CSU,49
1622,GRUENE,39
1623,AfD,43
1624,LINKE,52
1625,CDU/CSU,62
1626,SPD,32
1627,CDU/CSU,60
1628,CDU/CSU,68
1629,LINKE,36
1630,SPD,51
1631,Sonst,27
1632,AfD,42
1633,FDP,37
1634,CDU/CSU,62
1635,LINKE,55
1636,CDU/CSU,48
1637,SPD,48
1638,CDU/CSU,56
1639,CDU/CSU,59
1640,GRUENE,40
1641,CDU/CSU,77
1642,CDU/CSU,50
1643,CDU/CSU,57
1644,CDU/CSU,65
1645,CDU/CSU,53
1646,SPD,43
1647,CDU/CSU,55
1648,CDU/CSU,53
1649,CDU/CSU,44
1650,CDU/CSU,34
1651,CDU/CSU,58
1652,Sonst,33
1653,SPD,24
1654,CDU/CSU,48
1655,CDU/CSU,60
1656,CDU/CSU,65
1657,SPD,54
1658,LINKE,34
1659,FDP,41
1660,SPD,45
1661,CDU/CSU,53
1662,CDU/CSU,58
1663,CDU/CSU,53
1664,CDU/CSU,59
1665,LINKE,42
1666,CDU/CSU,52
1667,LINKE,48
1668,CDU/CSU,53
1669,CDU/CSU,65
1670,CDU/CSU,54
1671,Sonst,41
1672,SPD,46
1673,CDU/CSU,66
1674,Sonst,32
1675,GRUENE,51
1676,LINKE,47
1677,CDU/CSU,60
1678,FDP,45
1679,CDU/CSU,54
1680,CDU/CSU,54
1681,LINKE,60
1682,SPD,35
1683,LINKE,54
1684,SPD,46
1685,SPD,42
1686,CDU/CSU,61
1687,CDU/CSU,52
1688,SPD,32
1689,CDU/CSU,68
1690,SPD,37
1691,GRUENE,49
1692,CDU/CSU,56
1693,CDU/CSU,54
1694,SPD,43
1695,CDU/CSU,56
1696,CDU/CSU,60
1697,SPD,41
1698,SPD,47
1699,CDU/CSU,60
1700,SPD,40
1701,SPD,45
1702,CDU/CSU,49
1703,AfD,38
1704,Sonst,39
1705,SPD,44
1706,CDU/CSU,71
1707,CDU/CSU,45
1708,GRUENE,45
1709,CDU/CSU,55
1710,CDU/CSU,68
1711,SPD,39
1712,Sonst,45
1713,GRUENE,46
1714,CDU/CSU,58
1715,CDU/CSU,51
1716,SPD,44
1717,SPD,54
1718,SPD,58
1719,SPD,38
1720,CDU/CSU,55
1721,GRUENE,47
1722,SPD,42
1723,CDU/CSU,50
1724,CDU/CSU,66
1725,SPD,50
1726,LINKE,47
1727,Sonst,31
1728,CDU/CSU,65
1729,CDU/CSU,56
1730,CDU/CSU,50
1731,CDU/CSU,50
1732,LINKE,47
1733,CDU/CSU,69
1734,CDU/CSU,65
1735,SPD,49
1736,SPD,53
1737,SPD,34
1738,CDU/CSU,41
1739,LINKE,59
1740,SPD,37
1741,SPD,54
1742,CDU/CSU,59
1743,AfD,54
1744,AfD,35
1745,FDP,37
1746,GRUENE,36
1747,CDU/CSU,66
1748,CDU/CSU,50
1749,AfD,49
1750,GRUENE,43
1751,CDU/CSU,57
1752,Sonst,50
1753,AfD,38
1754,SPD,43
1755,GRUENE,36
1756,SPD,45
1757,SPD,43
1758,CDU/CSU,40
1759,AfD,49
1760,SPD,55
1761,CDU/CSU,57
1762,SPD,42
1763,CDU/CSU,52
1764,SPD,45
1765,CDU/CSU,66
1766,CDU/CSU,48
1767,SPD,51
1768,SPD,43
1769,CDU/CSU,54
1770,GRUENE,28
1771,SPD,44
1772,SPD,53
1773,SPD,45
1774,LINKE,49
1775,CDU/CSU,66
1776,CDU/CSU,57
1777,CDU/CSU,54
1778,SPD,50
1779,SPD,36
1780,CDU/CSU,59
1781,LINKE,52
1782,CDU/CSU,56
1783,CDU/CSU,55
1784,GRUENE,37
1785,CDU/CSU,60
1786,CDU/CSU,49
1787,SPD,34
1788,Sonst,53
1789,LINKE,41
1790,FDP,48
1791,CDU/CSU,62
1792,CDU/CSU,59
1793,CDU/CSU,58
1794,CDU/CSU,56
1795,SPD,52
1796,CDU/CSU,62
1797,SPD,45
1798,SPD,31
1799,CDU/CSU,54
1800,SPD,41
1801,CDU/CSU,53
1802,CDU/CSU,61
1803,AfD,51
1804,SPD,50
1805,SPD,42
1806,SPD,44
1807,SPD,44
1808,FDP,52
1809,FDP,44
1810,LINKE,45
1811,CDU/CSU,60
1812,CDU/CSU,52
1813,Sonst,49
1814,CDU/CSU,52
1815,GRUENE,37
1816,CDU/CSU,47
1817,CDU/CSU,60
1818,SPD,41
1819,GRUENE,36
1820,CDU/CSU,64
1821,FDP,42
1822,AfD,37
1823,AfD,22
1824,Sonst,54
1825,Sonst,54
1826,SPD,41
1827,SPD,55
1828,AfD,41
1829,AfD,59
1830,AfD,40
1831,SPD,52
1832,CDU/CSU,67
1833,SPD,44
1834,CDU/CSU,66
1835,Sonst,45
1836,SPD,42
1837,AfD,34
1838,SPD,44
1839,CDU/CSU,75
1840,CDU/CSU,65
1841,SPD,29
1842,SPD,45
1843,CDU/CSU,37
1844,CDU/CSU,57
1845,CDU/CSU,59
1846,LINKE,48
1847,AfD,32
1848,Sonst,40
1849,SPD,45
1850,CDU/CSU,60
1851,SPD,53
1852,GRUENE,43
1853,SPD,42
1854,CDU/CSU,57
1855,AfD,43
1856,CDU/CSU,76
1857,CDU/CSU,65
1858,CDU/CSU,66
1859,CDU/CSU,48
1860,CDU/CSU,42
1861,GRUENE,43
1862,SPD,50
1863,SPD,49
1864,AfD,42
1865,CDU/CSU,65
1866,FDP,37
1867,CDU/CSU,44
1868,CDU/CSU,42
1869,Sonst,41
1870,CDU/CSU,67
1871,CDU/CSU,64
1872,CDU/CSU,52
1873,LINKE,30
1874,CDU/CSU,53
1875,GRUENE,44
1876,SPD,51
1877,GRUENE,48
1878,CDU/CSU,52
1879,CDU/CSU,73
1880,SPD,38
1881,LINKE,48
1882,SPD,35
1883,Sonst,44
1884,CDU/CSU,47
1885,CDU/CSU,57
1886,CDU/CSU,63
1887,GRUENE,40
1888,GRUENE,50
1889,SPD,46
1890,CDU/CSU,58
1891,SPD,41
1892,LINKE,49
1893,AfD,46
1894,CDU/CSU,57
1895,Sonst,51
1896,CDU/CSU,57
1897,CDU/CSU,72
1898,CDU/CSU,53
1899,CDU/CSU,53
1900,CDU/CSU,67
1901,SPD,55
1902,SPD,47
1903,CDU/CSU,58
1904,SPD,43
1905,CDU/CSU,72
1906,SPD,52
1907,LINKE,52
1908,GRUENE,38
1909,CDU/CSU,62
1910,SPD,40
1911,SPD,52
1912,CDU/CSU,63
1913,LINKE,48
1914,SPD,39
1915,CDU/CSU,75
1916,CDU/CSU,53
1917,SPD,52
1918,SPD,50
1919,LINKE,56
1920,SPD,44
1921,CDU/CSU,69
1922,Sonst,30
1923,LINKE,48
1924,SPD,54
1925,SPD,38
1926,CDU/CSU,54
1927,SPD,36
1928,CDU/CSU,58
1929,FDP,47
1930,GRUENE,41
1931,CDU/CSU,50
1932,AfD,46
1933,CDU/CSU,61
1934,CDU/CSU,62
1935,SPD,41
1936,CDU/CSU,47
1937,CDU/CSU,48
1938,CDU/CSU,64
1939,CDU/CSU,57
1940,LINKE,33
1941,CDU/CSU,43
1942,CDU/CSU,56
1943,CDU/CSU,62
1944,GRUENE,57
1945,CDU/CSU,50
1946,CDU/CSU,59
1947,LINKE,46
1948,SPD,50
1949,GRUENE,54
1950,Sonst,49
1951,CDU/CSU,53
1952,FDP,49
1953,CDU/CSU,70
1954,LINKE,33
1955,CDU/CSU,60
1956,CDU/CSU,63
1957,CDU/CSU,83
1958,GRUENE,49
1959,AfD,61
1960,AfD,46
1961,CDU/CSU,67
1962,SPD,38
1963,FDP,51
1964,CDU/CSU,57
1965,SPD,54
1966,LINKE,55
1967,CDU/CSU,55
1968,LINKE,48
1969,SPD,42
1970,CDU/CSU,62
1971,CDU/CSU,55
1972,Sonst,47
1973,CDU/CSU,68
1974,CDU/CSU,65
1975,CDU/CSU,62
1976,SPD,39
1977,CDU/CSU,61
1978,CDU/CSU,62
1979,Sonst,57
1980,AfD,49
1981,Sonst,54
1982,GRUENE,54
1983,CDU/CSU,58
1984,CDU/CSU,61
1985,AfD,44
1986,SPD,50
1987,CDU/CSU,60
1988,CDU/CSU,45
1989,Sonst,45
1990,GRUENE,42
1991,Sonst,25
1992,GRUENE,40
1993,FDP,45
1994,CDU/CSU,51
1995,SPD,53
1996,CDU/CSU,55
1997,CDU/CSU,60
1998,GRUENE,32
1999,LINKE,37
2000,CDU/CSU,64
2001,GRUENE,52
2002,CDU/CSU,61
2003,Sonst,51
2004,AfD,47
2005,CDU/CSU,67
2006,SPD,39
2007,SPD,54
2008,SPD,34
2009,CDU/CSU,51
2010,AfD,44
2011,Sonst,51
2012,CDU/CSU,57
2013,GRUENE,37
2014,CDU/CSU,41
2015,LINKE,48
2016,Sonst,37
2017,CDU/CSU,67
2018,CDU/CSU,53
2019,SPD,45
2020,CDU/CSU,53
2021,SPD,36
2022,SPD,52
2023,CDU/CSU,73
2024,LINKE,38
2025,CDU/CSU,64
2026,CDU/CSU,50
2027,SPD,55
2028,SPD,40
2029,CDU/CSU,62
2030,CDU/CSU,49
2031,LINKE,41
2032,AfD,55
2033,CDU/CSU,60
2034,CDU/CSU,68
2035,Sonst,63
2036,CDU/CSU,73
2037,CDU/CSU,61
2038,AfD,42
2039,CDU/CSU,65
2040,SPD,52
2041,CDU/CSU,53
2042,CDU/CSU,52
2043,SPD,39
2044,CDU/CSU,52
2045,SPD,44
2046,SPD,45
2047,Sonst,58
2048,CDU/CSU,69
2049,CDU/CSU,48
2050,CDU/CSU,52
2051,CDU/CSU,70
2052,CDU/CSU,62
2053,CDU/CSU,46
2054,CDU/CSU,60
2055,CDU/CSU,55
2056,CDU/CSU,65
2057,FDP,56
2058,CDU/CSU,49
2059,LINKE,58
2060,CDU/CSU,70
2061,GRUENE,54
2062,Sonst,38
2063,LINKE,36
2064,LINKE,42
2065,CDU/CSU,60
2066,FDP,55
2067,SPD,38
2068,SPD,59
2069,CDU/CSU,73
2070,CDU/CSU,56
2071,Sonst,44
2072,Sonst,41
2073,Sonst,44
2074,SPD,47
2075,GRUENE,56
2076,Sonst,52
2077,GRUENE,49
2078,CDU/CSU,59
2079,CDU/CSU,54
2080,GRUENE,52
2081,GRUENE,47
2082,LINKE,35
2083,Sonst,50
2084,CDU/CSU,60
2085,CDU/CSU,57
2086,SPD,51
2087,CDU/CSU,56
2088,Sonst,48
2089,CDU/CSU,63
2090,CDU/CSU,63
2091,CDU/CSU,41
2092,CDU/CSU,44
2093,LINKE,41
2094,CDU/CSU,63
2095,SPD,51
2096,GRUENE,34
2097,CDU/CSU,46
2098,AfD,62
2099,Sonst,39
2100,CDU/CSU,67
2101,CDU/CSU,59
2102,SPD,38
2103,CDU/CSU,58
2104,Sonst,57
2105,SPD,41
2106,CDU/CSU,45
2107,CDU/CSU,53
2108,SPD,38
2109,Sonst,37
2110,GRUENE,54
2111,LINKE,48
2112,SPD,36
2113,SPD,36
2114,CDU/CSU,65
2115,SPD,51
2116,CDU/CSU,67
2117,GRUENE,40
2118,SPD,39
2119,Sonst,44
2120,CDU/CSU,49
2121,GRUENE,28
2122,CDU/CSU,66
2123,CDU/CSU,67
2124,SPD,33
2125,CDU/CSU,45
2126,GRUENE,47
2127,SPD,31
2128,CDU/CSU,55
2129,CDU/CSU,59
2130,SPD,45
2131,AfD,42
2132,CDU/CSU,56
2133,SPD,56
2134,SPD,39
2135,SPD,40
2136,CDU/CSU,53
2137,CDU/CSU,62
2138,CDU/CSU,61
2139,GRUENE,43
2140,Sonst,46
2141,CDU/CSU,73
2142,Sonst,37
2143,SPD,51
2144,GRUENE,46
2145,LINKE,45
2146,Sonst,52
2147,GRUENE,53
2148,CDU/CSU,53
2149,CDU/CSU,59
2150,Sonst,37
2151,SPD,39
2152,GRUENE,36
2153,CDU/CSU,51
2154,AfD,49
2155,SPD,46
2156,SPD,35
2157,SPD,43
2158,SPD,48
2159,Sonst,40
2160,CDU/CSU,51
2161,CDU/CSU,56
2162,LINKE,40
2163,CDU/CSU,64
2164,FDP,35
2165,Sonst,39
2166,SPD,51
2167,SPD,32
2168,CDU/CSU,70
2169,SPD,48
2170,CDU/CSU,55
2171,CDU/CSU,52
2172,GRUENE,39
2173,CDU/CSU,61
2174,SPD,53
2175,AfD,46
2176,SPD,46
2177,LINKE,47
2178,CDU/CSU,68
2179,CDU/CSU,65
2180,CDU/CSU,58
2181,SPD,36
2182,SPD,50
2183,SPD,50
2184,SPD,24
2185,SPD,59
2186,CDU/CSU,46
2187,CDU/CSU,53
2188,CDU/CSU,66
2189,SPD,53
2190,LINKE,52
2191,Sonst,49
2192,CDU/CSU,67
2193,CDU/CSU,49
2194,CDU/CSU,60
2195,AfD,35
2196,CDU/CSU,53
2197,GRUENE,48
2198,SPD,42
2199,LINKE,34
2200,SPD,36
2201,CDU/CSU,75
2202,LINKE,35
2203,CDU/CSU,60
2204,AfD,31
2205,SPD,60
2206,CDU/CSU,48
2207,CDU/CSU,62
2208,FDP,50
2209,SPD,33
2210,CDU/CSU,55
2211,SPD,52
2212,LINKE,50
2213,SPD,37
2214,AfD,40
2215,AfD,41
2216,SPD,56
2217,CDU/CSU,56
2218,SPD,47
2219,LINKE,39
2220,CDU/CSU,53
2221,Sonst,57
2222,CDU/CSU,68
2223,GRUENE,59
2224,CDU/CSU,51
2225,CDU/CSU,79
2226,Sonst,40
2227,LINKE,39
2228,CDU/CSU,66
2229,CDU/CSU,44
2230,SPD,34
2231,CDU/CSU,46
2232,CDU/CSU,58
2233,Sonst,44
2234,CDU/CSU,56
2235,LINKE,40
2236,CDU/CSU,62
2237,SPD,42
2238,SPD,41
2239,SPD,53
2240,GRUENE,60
2241,SPD,60
2242,CDU/CSU,64
2243,CDU/CSU,45
2244,GRUENE,51
2245,GRUENE,38
2246,GRUENE,44
2247,Sonst,40
2248,CDU/CSU,68
2249,CDU/CSU,55
2250,SPD,39
2251,CDU/CSU,57
2252,CDU/CSU,79
2253,LINKE,41
2254,Sonst,59
2255,AfD,46
2256,SPD,60
2257,GRUENE,45
2258,CDU/CSU,69
2259,LINKE,44
2260,CDU/CSU,57
2261,CDU/CSU,59
2262,CDU/CSU,53
2263,GRUENE,29
2264,Sonst,46
2265,Sonst,43
2266,CDU/CSU,56
2267,CDU/CSU,69
2268,CDU/CSU,63
2269,GRUENE,36
2270,AfD,49
2271,CDU/CSU,64
2272,GRUENE,65
2273,SPD,34
2274,CDU/CSU,55
2275,CDU/CSU,68
2276,SPD,41
2277,LINKE,39
2278,CDU/CSU,66
2279,CDU/CSU,60
2280,CDU/CSU,56
2281,CDU/CSU,52
2282,CDU/CSU,49
2283,SPD,42
2284,CDU/CSU,48
2285,CDU/CSU,54
2286,Sonst,40
2287,SPD,36
2288,CDU/CSU,62
2289,Sonst,50
2290,CDU/CSU,54
2291,CDU/CSU,64
2292,LINKE,40
2293,AfD,49
2294,LINKE,44
2295,SPD,39
2296,CDU/CSU,61
2297,Sonst,45
2298,SPD,53
2299,CDU/CSU,53
2300,SPD,31
2301,CDU/CSU,59
2302,SPD,61
2303,CDU/CSU,61
2304,CDU/CSU,53
2305,LINKE,31
2306,AfD,41
2307,SPD,46
2308,AfD,45
2309,GRUENE,31
2310,SPD,34
2311,CDU/CSU,73
2312,GRUENE,42
2313,CDU/CSU,68
2314,SPD,48
2315,SPD,41
2316,FDP,53
2317,SPD,50
2318,LINKE,31
2319,SPD,37
2320,CDU/CSU,56
2321,CDU/CSU,62
2322,CDU/CSU,70
2323,SPD,49
2324,SPD,46
2325,SPD,46
2326,GRUENE,44
2327,LINKE,56
2328,GRUENE,41
2329,CDU/CSU,58
2330,LINKE,59
2331,CDU/CSU,58
2332,LINKE,48
2333,FDP,47
2334,CDU/CSU,43
2335,CDU/CSU,58
2336,CDU/CSU,59
2337,CDU/CSU,49
2338,Sonst,35
2339,AfD,42
2340,FDP,64
2341,CDU/CSU,59
2342,CDU/CSU,51
2343,AfD,41
2344,AfD,43
2345,CDU/CSU,64
2346,SPD,33
2347,CDU/CSU,59
2348,CDU/CSU,57
2349,SPD,40
2350,GRUENE,34
2351,SPD,53
2352,GRUENE,55
2353,CDU/CSU,62
2354,CDU/CSU,51
2355,CDU/CSU,56
2356,SPD,47
2357,GRUENE,45
2358,SPD,34
2359,AfD,59
2360,CDU/CSU,61
2361,Sonst,43
2362,SPD,39
2363,GRUENE,49
2364,SPD,59
2365,CDU/CSU,53
2366,CDU/CSU,62
2367,GRUENE,46
2368,SPD,37
2369,CDU/CSU,53
2370,SPD,42
2371,AfD,60
2372,SPD,30
2373,SPD,46
2374,SPD,54
2375,CDU/CSU,59
2376,Sonst,48
2377,SPD,44
2378,LINKE,49
2379,CDU/CSU,63
2380,CDU/CSU,48
2381,SPD,53
2382,SPD,44
2383,LINKE,46
2384,LINKE,63
2385,SPD,58
2386,AfD,42
2387,Sonst,53
2388,FDP,37
2389,CDU/CSU,63
2390,GRUENE,46
2391,LINKE,47
2392,CDU/CSU,67
2393,LINKE,54
2394,CDU/CSU,57
2395,LINKE,56
2396,FDP,47
2397,CDU/CSU,52
2398,SPD,59
2399,CDU/CSU,54
2400,CDU/CSU,63
2401,CDU/CSU,54
2402,AfD,47
2403,CDU/CSU,40
2404,AfD,51
2405,CDU/CSU,72
2406,FDP,48
2407,CDU/CSU,73
2408,LINKE,54
2409,CDU/CSU,41
2410,Sonst,67
2411,GRUENE,52
2412,CDU/CSU,48
2413,CDU/CSU,53
2414,CDU/CSU,65
2415,LINKE,39
2416,CDU/CSU,63
2417,LINKE,36
2418,SPD,48
2419,CDU/CSU,46
2420,GRUENE,41
2421,CDU/CSU,55
2422,LINKE,32
2423,SPD,42
2424,LINKE,51
2425,SPD,45
2426,SPD,51
2427,CDU/CSU,66
2428,LINKE,46
2429,CDU/CSU,60
2430,SPD,40
2431,CDU/CSU,61
2432,SPD,54
2433,CDU/CSU,66
2434,CDU/CSU,72
2435,GRUENE,30
2436,CDU/CSU,57
2437,GRUENE,61
2438,SPD,39
2439,LINKE,42
2440,CDU/CSU,75
2441,CDU/CSU,51
2442,SPD,49
2443,LINKE,20
2444,CDU/CSU,46
2445,CDU/CSU,53
2446,GRUENE,39
2447,SPD,42
2448,CDU/CSU,52
2449,SPD,28
2450,CDU/CSU,55
2451,SPD,47
2452,AfD,38
2453,LINKE,46
2454,GRUENE,39
2455,CDU/CSU,57
2456,SPD,52
2457,SPD,47
2458,CDU/CSU,47
2459,CDU/CSU,53
2460,CDU/CSU,79
2461,CDU/CSU,64
2462,CDU/CSU,57
2463,GRUENE,47
2464,LINKE,38
2465,AfD,49
2466,LINKE,37
2467,CDU/CSU,76
2468,LINKE,50
2469,CDU/CSU,67
2470,CDU/CSU,68
2471,CDU/CSU,58
2472,CDU/CSU,59
2473,CDU/CSU,67
2474,CDU/CSU,51
2475,Sonst,38
2476,CDU/CSU,56
2477,SPD,41
2478,CDU/CSU,60
2479,CDU/CSU,57
2480,Sonst,47
2481,SPD,40
2482,CDU/CSU,60
2483,FDP,52
2484,CDU/CSU,71
2485,CDU/CSU,73
2486,CDU/CSU,52
2487,SPD,33
2488,AfD,38
2489,CDU/CSU,59
2490,CDU/CSU,54
2491,LINKE,47
2492,LINKE,47
2493,LINKE,49
2494,Sonst,44
2495,Sonst,41
2496,CDU/CSU,59
2497,CDU/CSU,57
2498,CDU/CSU,66
2499,CDU/CSU,60
2500,GRUENE,48
2501,CDU/CSU,63
